codigo,nombre,precio_1,precio_2,precio_3
078895710922,"ACEITE DE AJONJOLI PURO 207 ML",128.70,125.80,1229.00
7792070000938,"ACEITUNA CEBILA DESCAROZADA",36.30,35.50,34.70
7792070000877,"ACEITUNA CEBILA RELLENA",33.00,32.30,31.50
7792070000907,"ACEITUNA CEBILA VERDE",34.10,33.40,32.60
11285,"ACEITUNA VERDES RELLENAS 330 GRS SOF",38.80,38.00,37.00
11287,"ACEITUNAS NEGRAS DESCAROZADAS 330.GRS SOF",37.40,36.60,35.70
11286,"ACEITUNAS VERDES 330 GRS SOF",32.70,31.90,31.20
11288,"ACEITUNAS VERDES DESCAROZADAS 330GRS SOF",34.00,33.30,32.50
7411000222041,"AJO MOLIDO MC CORMICK 82G",30.80,30.10,29.40
7411000222058,"AJOMIX MEZCLA MC CORMICK 90 GRS",49.50,48.40,47.30
2204230019803,"ALAS DE PATO EN BANDEJA",15.00,27.50,0.00
2200002,"ALAS DE POLLO A GRANEL .",39.00,0.00,0.00
2200015,"ALAS DE POLLO EN BANDEJA",51.50,50.30,49.10
2200416,"ALAS GRANDES FRANQUICIA",48.50,47.40,46.30
7774112103326,"ALBONDIGAS DE POLLO CAJA",23.90,23.40,22.80
7774112103319,"ALBONDIGAS DE RES EN CAJA",35.20,34.30,33.50
77975,"ALIMENTO FELINO CASTRADO 1 KG",45.00,0.00,0.00
7774112100899,"ALITAS BARBACOA BOLSA",39.20,0.00,0.00
7774112100882,"ALITAS PICANTES BOLSA",39.20,0.00,0.00
11101,ALMEJAS,61.70,60.30,58.90
2200248,"ANILLOS DE CALAMAR",55.70,54.50,53.20
2100044,"ARAÑITA DE CERDO EN BANDEJA",61.00,59.60,58.20
7774112100875,"ARROLLADO DE POLLO",86.80,84.80,82.80
11239,"BEA PAN MOLDE CEREAL",17.20,16.80,16.40
1199,"BEA PAN PARA HOT DOGS .",14.60,14.20,13.90
77964,"BEA PAN MOLDE CHIA",11.22,10.80,10.40
1196,"BEA PAN MOLDE INTEGRAL",16.00,15.50,15.20
11104,"BEA PREPIZZA MEDIANA",9.20,9.00,8.80
1198,"BEA PAN HAMBURGUESA CON AJONJOLI",14.60,14.20,13.90
11147,"BEA PAN HOT DOG XL",15.20,14.90,14.50
1195,"BEA PAN MOLDE BLANCO",16.00,15.50,15.20
2200387,"BIFE ANCHO DE RES BRANGUS AL VACIO",103.00,100.60,98.28
2200211,"BIFE ANCHO DE RES AL VACIO DE 1 KG",129.30,126.40,123.50
2200360,"BIFE ANCHO PORCIONADO",131.60,128.60,125.60
2100376,"BIFE ANCHO PREMIUN",89.80,86.40,83.00
2200374,"BIFE ANGOSTO PREMIUN",89.80,87.72,85.68
2200212,"BIFE ANGOSTO DE RES AL VACIO DE 1 KG",130.50,127.60,124.60
2200361,"BIFE ANGOSTO PORCIONADO",132.70,129.70,126.70
2200130,"BIFE DE CERDO CONGELADO EN BANDEJA",83.00,81.10,79.20
2200010,"BONDIOLA DE CERDO A GRANEL",41.00,40.00,39.00
2200101,"BONDIOLA DE CERDO AL VACIO",39.60,38.70,37.80
2200025,"BONDIOLA DE CERDO CONGELADO EN BANDEJA",55.30,54.00,52.70
110022,"CABEZA DE CERDO",39.00,0.00,0.00
110035,"CAFE CUEVAS ORGANICO 1KG",290.40,282.80,277.20
110034,"CAFE CUEVAS ORGANICO 250GR",92.40,90.30,88.20
110030,"CAFE CUEVAS ORGANICO 500GR",158.40,154.80,151.20
11246,"CAFE ESPECIAL DE 250.GR DESTILADO",56.10,54.90,53.60
11011,"CAFE ESPECIAL 1KG GRANO",211.20,206.40,201.60
77115,"CAFE ESPECIAL 500GR DESTILADO",112.20,109.70,107.10
11243,"CAFE ESPECIAL 500GR EN GRANOS",112.20,109.70,107.10
77116,"CAFE ESPECIAL 500GR EXPRES",112.20,109.70,107.10
77114,"CAFE ESPECIAL DE 250 GR GRANOS",56.10,54.90,53.60
77113,"CAFE ESPECIAL DE 250GR EXPRES",56.10,54.90,53.60
11120,CANGREJO,66.00,64.50,63.00
8410010735779,"CARBONELL VINAGRE BALSAMICO",55.00,53.80,52.50
8410010855149,"CARBONELL VINAGRE BLANCO",48.50,47.50,46.30
8410010855064,"CARBONELL VINAGRE TINTO",55.00,53.80,52.50
8410010272588,"CARBONELL VIRGEN EXTRA 750 ML",167.30,163.50,159.70
8410010826699,"CARBONELL VIRGEN EXTRA 250 ML",66.00,64.50,63.00
8410010813729,"CARBONELL VIRGEN EXTRA 500 ML",112.20,109.70,107.10
11111,"CARNE MOLIDA DE CERDO",31.40,0.00,0.00
7773114010441,"CARNE DE CUY ENTERA",58.10,56.80,55.50
7774112103395,"CARNE MOLIDA DE POLLO CONG",21.30,0.00,0.00
2200378,"CARNE MOLIDA DE RES CONG FRIDOSA 750 GR",91.00,88.90,86.90
2200008,"CARRE DE CERDO CONGELADO A GRANEL",40.00,39.00,37.00
2200272,"CAT TIRA ROJA DE COSTILLA DE RES",47.60,46.60,45.50
2200105,"CAZUELA DE POLLO",21.50,19.50,12.60
7774112103623,"CERDO AGRIDULCE 500GR",44.20,43.20,42.20
2200007,"CERDO ENTERO",34.50,34.00,32.50
7771257080321,"CHALAMADA FR BRIXI 370GR",18.50,18.00,17.60
8771908020118,"CHARQUE DE LLAMA ECOTURCO .",180.00,180.00,180.00
7771908020010,"CHARQUE DE LLAMA ECOTURCO 250GR",100.00,100.00,100.00
110032,"CHARQUE DE RES 100GR SABOR CHURRASCO",59.40,58.10,56.70
110031,"CHARQUE DE RES 100GR TRADICIONAL",59.40,58.10,56.70
7774112100547,"CHICHARRON DE CERDO",55.80,54.50,53.20
7774112100530,"CHICHARRON DE POLLO",50.60,49.50,48.30
77969,"CHICHARRON DE TRUCHA 1 KILO",47.00,45.20,43.40
7790127781489,"CHIMICHURRI CLASICO VANOLI 300G",23.20,22.60,22.10
7790127001044,"CHIMICHURRI VANOLI PICANTE 190G",14.30,13.60,13.20
11283,"CHOCLO EN TROZOS DE 450. GRS",23.10,22.57,22.05
7774112101889,"CHOCLO EN LATA 300 GRS LA DESPENSA",12.10,11.90,11.60
2204270102404,"CHORIZO AHUMADO 2 KG CONGELADO",70.30,68.70,67.10
2200070,"CHORIZO AHUMADO A GRANEL",72.00,70.30,68.60
7774112101469,"CHORIZO BUTIFARRA KOSTICK SKIN",30.10,29.00,27.80
2200340,"CHORIZO CAMPESTRE AGRANEL",63.00,61.60,60.20
2200227,"CHORIZO CHUQUISAQUEÑO",74.50,72.80,69.20
110014,"CHORIZO CHURRASQ PICANTE 1KG",63.10,61.60,60.20
2200072,"CHORIZO CHURRASQ PICANTE A GRANEL",58.10,56.80,55.40
7774112100820,"CHORIZO CHURRASQUERO 1 KG",71.00,69.30,67.70
2200069,"CHORIZO CHURRASQUERO A GRANEL",76.90,75.10,73.40
7774112101193,"CHORIZO CHURRASQUERO DE 5 UNID",32.20,31.50,30.80
2200067,"CHORIZO DE RES A GRANEL",72.00,70.40,68.70
7774112100837,"CHORIZO DE RES AL VACIO DE 1 KG",68.50,67.00,65.40
7774112101216,"CHORIZO DE RES DE 5 UNID",28.60,28.00,27.30
2200068,"CHORIZO DE RES PICANTE A GRANEL",70.60,69.10,67.40
7774112100844,"CHORIZO DE RES PICANTE AL VACIO DE 1 KG.",65.60,64.10,62.60
7774112101223,"CHORIZO DE RES PICANTE DE 5 UNID",26.40,25.80,25.20
2200064,"CHORIZO PARRILLERO A GRANEL",72.00,70.40,68.70
7774112100851,"CHORIZO PARRILLERO AL VACIO DE 1 KG .",69.20,67.60,66.10
7774112101209,"CHORIZO PARRILLERO DE 5 UNID",28.60,28.00,27.30
2200065,"CHORIZO TIPO ARGENTINO A GRANEL",66.50,65.00,63.40
2200109,"CHORIZO TIPO ITALIANO A GRANEL",51.20,50.00,48.80
7771257080338,"CHUCRUT BRIXY 370 GRS",21.10,20.70,20.20
2200219,"CHULETA DE BONDIOLA AGRANEL",32.50,32.00,30.50
2200218,"CHULETA DE CERDO AGRANEL",38.50,38.50,38.50
2200439,"CHULETA DE BONDIOLA EN BANDEJA .",42.20,41.30,40.30
2200031,"CHULETA DE CERDO CONGELADO EN BANDEJA",43.70,42.70,41.70
2200367,"CHULETA DE RES CONGELADA FRIDOSA",122.20,119.40,116.60
2200369,"COCHINILLO TIPO SEGOVIANO SOFIA",168.30,100.70,98.00
7774110000047,"CODORNIZ CONGELADO",113.50,111.00,108.50
2200214,"COLITA DE CUADRIL DE RES AL VACIO DE 1 KG .",139.10,135.90,132.70
11275,"COMBO CARNAVALERO CHORIZO CHURRASQ CON MOCHILA",151.00,0.00,0.00
7774112100424,"CORDON BLEU EN CAJA DE 600 GR",41.40,0.00,0.00
2200009,"COSTILLA DE CERDO A GRANEL",40.00,40.00,40.00
2200409,"COSTILLA PARRILLERA DE CERDO CON CUERO",53.00,52.00,51.00
2200385,"COSTILLA PARRILLERA DE CERDO SIN CUERO",44.20,43.20,42.20
2200038,"COSTILLA PEQUEÑA DE CERDO AHUMADA A GRANEL",79.00,77.20,75.40
7771214000942,"CREMA DE POLLO KRIS",11.00,11.00,11.00
7771257080543,"CREMA DE AJI BRIXY 250 ML",20.50,20.00,19.60
7771214000959,"CREMA DE CHAMPIÑONES (HONGOS) KRIS",7.84,7.66,7.48
7771214000966,"CREMA DE CHOCLO KRIS",8.00,8.00,8.00
7771214000973,"CREMA DE ESPARRAGOS KRIS",8.00,8.00,8.00
2200383001658,"CUADRIL DE RES BRANGUS AL VACIO",99.00,95.30,94.50
2200090,"CUADRIL DE CERDO CONGELADO",48.80,47.70,46.60
2200213,"CUADRIL DE RES AL VACIO DE 1 KG",127.40,124.50,121.60
11152,"CUARTO DE POLLO PECHUGA CONGELADA",11.50,11.30,11.00
11153,"CUARTO DE POLLO PIERNA CONGELADA",10.60,10.40,10.10
05265112,"CUMIN GROUND MC CORMIC 42 GR",24.00,23.40,22.90
7411000222065,"CURRY EN POLVO MC CORMICK 55 GR",45.90,44.80,43.80
7774112102657,"DESMECHADO DE CERDO SABOR BARBACOA",13.70,13.20,12.70
7774112101155,"DESMENUZADO DE PAVO",27.50,26.90,26.30
7774112101148,"DESMENUZADO DE POLLO",16.80,16.40,12.50
7771257080444,"DIP NACHO",21.60,21.00,20.60
7771257080420,"DIP QUESO 230G BRIXI",22.60,22.10,21.60
7771257080451,"DIP QUESO Y JALAPEÑO",19.40,19.00,18.50
11223,"DOG STAR CANINO 20 KG",225.10,220.00,214.90
7773435900018,"DON TACO DE MAIZ 300GR",13.20,0.00,0.00
7773417000033,"DON TACO INTEGRAL 270GR",13.00,12.70,12.40
7773417000040,"DON TACO INTEGRAL 390",16.70,16.30,15.90
7773417000071,"DON TACO LIGHT 270GR",13.00,12.70,12.40
77125,"DON TACO TORTILLA BURRITOS 720GR",17.55,17.15,16.75
7773417000002,"DON TACO TRADICIONAL 390GR",16.70,16.30,15.90
7773417000019,"DON TACO TRADICIONAL PEQ 270GR",13.00,12.70,12.40
2200033,"ENROLLADO DE CERDO N BARRA DE 2 KG",88.50,86.40,84.40
2200398,"ENTRAÑA DE CERDO",65.00,63.50,62.00
112897771257080635,"EXTRACTO DE TOMATE BRIXI",23.10,22.60,22.00
7771214006777,"EXTRACTO DE TOMATE KRIS 140G",6.00,6.00,6.00
110009,"FELINO GATITO 10KG",356.40,348.30,340.20
7774112110041,"FILETE AHUMADO AL FRIO DE TRUCHA TK AV",66.00,64.50,63.00
7774112110010,"FILETE RETAIL DE TRUCHA TK AV",74.20,0.00,0.00
7774112110058,"FILETE AHUMADO AL CALIENTE DE TRUCHA TK AV",66.00,64.50,63.00
2200045,"FILETE CORTE FINO",41.40,0.00,0.00
2200446,"FILETE DE MERLUZA PUERTO AZUL",117.30,114.60,111.90
2100465,"FILETE DE PAICHE",126.00,123.20,120.30
2200396,"FILETE DE PECHUGA DE PAVO",127.90,125.00,122.10
2200238,"FILETE DE PEJERREY EN BANDEJA",193.60,189.10,184.70
2200004,"FILETE DE POLLO A GRANEL",49.00,47.00,46.00
2200046,"FILETE DE SALMON ENTERO",514.80,503.10,491.40
2200401,"FILETE DE TILAPIA",71.80,70.00,68.50
2200240,"FILETE DE TRUCHA",91.34,93.10,89.40
2200244,"FILETE DE TRUCHA AL VACIO",171.40,167.50,163.60
7774112110034,"FILETE MARIPOSA DE TRUCHA TK AV",74.20,0.00,0.00
7774112110027,"FILETE RETAIL LIGHT 500GR",75.50,0.00,0.00
2200016,"FILETES DE POLLO EN BANDEJA",53.60,52.40,51.20
7774112102732,"FILETITOS PIMIENTA CAYENA 300 GRS",19.93,19.47,19.02
7774112101346,"FILETITOS DE POLLO MIEL Y MOSTAZA",24.90,24.00,23.10
7774112101353,"FILETITOS DE POLLO PIMIENTA CAYENA",19.90,19.20,18.80
7774112102725,"FILETITOS MIEL Y MOZTASA DE 300 GRS",17.40,16.80,16.10
7774112103852,"FINGERS ESTILO AMERICANO 500GR",30.00,29.40,28.70
7774112103876,"FINGERS SABOR CREMA Y CEBOLLA",30.00,29.40,28.70
7774112103869,"FINGERS SABOR MANTEQUILLA 500GR",30.00,29.40,28.70
7771214002519,"GELATINA LIGHT CEREZA 24 G",12.60,12.30,12.00
7771214001796,"GELATINA PIÑA DE 250 GRA",8.00,8.00,8.00
7771214001789,"GELATINA CEREZA 250 G",8.00,8.00,8.00
7771214001802,"GELATINA DE NARANJA 250 G",8.00,8.00,8.00
7771214001819,"GELATINA FRUTILLA 250 G",8.00,8.00,8.00
7771214002502,"GELATINA LIGHT FRUTILLA",12.60,12.30,12.00
7771214001918,"GELATINA LIMON 250 G",8.00,8.00,8.00
7771214001901,"GELATINA SABOR FRAMBUESA 250 G",8.00,8.00,8.00
2200096,"GIBA DE RES",95.30,93.10,91.00
2200179,"GUA MOZZARELLA EN BARRA",82.00,80.00,78.20
7775021400155,"GUA QUESO CHEDAR LAMINADO 250GR",25.80,25.20,24.60
7775021400315,"GUA QUESO CHEDAR LAMINADO 500GR",51.50,50.30,49.20
7770109400010,"HAMB DE PATO CON LICOR DE 4 UND",59.40,58.10,56.70
734191280636,"HAMBURGUESA DE TRUCHA",80.60,78.70,76.90
7411000222416,"HIERBAS ITALIANAS MC CORMICK 18.HG",28.60,28.00,27.30
7774112102268,"HUESO DE CERDO AHUMADO PARA CANINO",19.80,19.30,18.80
77148,"HUEVO MARRON ESTUCHE 12U.",22.00,0.00,0.00
110002,"HUEVO MARRON ESTUCHE 20U GRANDE",36.00,0.00,0.00
110015,"HUEVO MARRON ESTUCHE 30 MEDIANO",36.30,36.30,0.00
77147,"HUEVO MARRON MAPLE",34.50,0.00,0.00
110007,"HUEVO MARRON MAPLE 3RA",32.00,0.00,0.00
110008,"HUEVO MARRON MAPLE SOFIA 4TA",22.00,22.00,22.00
7771257080291,"JALAPEÑOS FRASCO BRIXY 370 GRS",23.10,22.60,22.10
11225,"JAMON AHUMADO DE CERDO AL VACIO 250 GRS",22.44,21.59,20.74
11251,"JAMON BONISSIMA DE 1 KG AL VACIO",37.00,35.68,34.28
2200381001650,"JAMON BONISSIMA EN BARRA",34.80,33.50,32.20
77128,"JAMON AHUMADO AL VACIO 250GR",26.50,25.90,25.30
2200061,"JAMON AHUMADO DE CERDO EN BARRA",97.50,95.20,93.00
7774112102565,"JAMON DE PAVO AL VACIO 200 GRS",21.25,20.45,19.64
2200380,"JAMON DE PAVO EN BARRA DE 4 KG",115.60,112.90,0.00
2200059,"JAMON DE POLLO EN BARRA .",57.10,55.80,54.50
2200100019706,"JAMON FAMILIAR EN BARRA",52.60,51.40,50.20
2200237,"JAMON LIGHT DE POLLO EN BARRA .",70.70,69.10,0.00
2100399,"JAMON PIZZERO EN BARRA",58.60,57.30,56.00
110023,"JAMON PIZZERO EN LONJAS 1KG",56.20,54.90,53.60
1163,"JAMON SANDWICERO VACIO 220 GRS",23.30,22.70,22.20
2200060,"JAMON SANDWICHERO EN BARRA",69.50,67.90,58.70
7774112101636,"JUGO DE DURAZNO EN LATA",28.30,27.70,27.00
2200225,"KEPERI DE RES AL VACIO",107.50,105.10,102.60
7771214002564,"KETCHUP KRIS DE 200 GRS",10.80,10.50,10.30
7771214001383,"KETCHUP KRIS 47 ML",2.30,2.30,2.30
7771214003271,"KETCHUP KRIS 490 G .",21.30,21.00,20.40
7771214001314,"KETCHUP KRIS 985 G",33.00,32.20,31.50
7771214000850,"KETCHUP KRIS GALON 3950 G",88.60,86.60,82.60
7771214000843,"KETCHUP KRIS POMO 400 G",18.00,17.50,17.10
7771214001093,"KETCHUP PICANTE POMO 410 G",18.00,17.40,17.00
7771260760685,"KRIS SALSA MOSTAZA Y MIEL 200GR",12.70,12.40,12.10
7771260760654,"KRIS SALSA PARA PIZZA 200GR",10.20,10.00,9.80
77111,"LANGOSTA (2U)",167.20,163.50,0.00
2200252,"LANGOSTINO CRUDO MEDIANO",100.60,98.30,96.00
2200246,"LANGOSTINO PRE COCIDOS",94.70,92.50,90.40
2200368,"LECHON DE CERDO SOFIA",67.86,65.30,62.70
7771257080611,"LLAJUA BRIXY 230 GRS",21.10,20.60,20.20
7771257080864,"LLAJUA CHURRASQUERA BRIXI 230 GR",25.10,24.60,24.00
7771214009426,"LLAJUA CON QUIRQUIÑA CRIOLLA 90 G.",7.00,7.00,7.00
7771214006340,"LLAJUA ROJA KRIOLLA 90GR",6.27,6.12,5.98
7771257080598,"LLAJUA VERDE BRIXI 230 GRS",24.90,24.30,23.70
2200209,"LOMITO DE RES AL VACIO DE 1 KG",105.60,101.60,97.60
2200375,"LOMITO DE RES PREMIUN",214.80,209.90,205.00
7774112102718,"LOMITOS DE ACEITE VEGETAL 80 GRS X 3",57.90,56.50,55.20
7774112100653,"LOMITOS DE ATUN EN ACEITE VEGETAL 170GR",35.20,34.40,33.60
7774112102343,"LOMITOS DE ATUN EN ACEITE VEGETAL 400 GRS",64.90,63.40,62.00
7774112100646,"LOMITOS DE ATUN EN AGUA 170GR",31.30,30.60,29.90
7774112102336,"LOMITOS DE ATUN EN AGUA 400GRS",65.00,63.50,62.10
7774112102701,"LOMITOS DE ATUN EN AGUA 80 GRX3",58.40,57.00,55.70
781159309304,"LOMITOS DE TRUCHA AL ACEITE DE OLIVA",36.80,36.00,35.20
781159309281,"LOMITOS DE TRUCHA AL AGUA TK 165 GRS",36.80,36.00,35.20
781159309274,"LOMITOS DE TRUCHA AL LIMON TK 165 GRS",36.80,36.00,35.20
2200011,"LOMO DE CERDO A GRANEL .",58.00,57.00,56.00
2200026,"LOMO DE CERDO CONGELADO EN BANDEJA",84.70,82.70,0.00
7411000202685,"MAC CORMICK SAL / HIERBAS 110GR",70.40,68.80,67.20
7772622360086,"MANTEQUILLA AJO 100 GRS BRASUCO",14.00,13.50,13.30
7772622360109,"MANTEQUILLA AJO PICANTE 100 GRS BRASUCO",13.20,12.90,12.60
7772622360116,"MANTEQUILLA AJO PICANTE 200GRS BRASUCO",19.20,18.70,18.30
7772622360093,"MANTEQUILLA AJO 200 GRS BRASUCO",19.20,18.70,18.30
11215,"MANTEQUILLA CON AJO ORG MR GARLIC",19.80,19.10,18.30
7771259300038,"MARKA DELIFRUTA ACEROLA 500G",21.20,20.70,20.20
7771259300014,"MARKA DELIFRUTA ACHACHAIRU 500G",35.70,34.90,34.10
7771259300076,"MARKA DELIFRUTA COCO 500G",21.20,20.70,20.20
7771259300021,"MARKA DELIFRUTA COPOAZU 500G",26.50,25.80,25.20
7771259300151,"MARKA DELIFRUTA DURAZNO 500",21.20,20.70,20.20
7771259300045,"MARKA DELIFRUTA FRUTILLA 500G",21.20,20.70,20.20
7771259300106,"MARKA DELIFRUTA FRUTOS ROJOS 500G",23.80,23.30,22.70
7771259300250,"MARKA DELIFRUTA GUAYABA 500G",21.20,20.70,20.20
7771259300090,"MARKA DELIFRUTA MANGO 500G",21.20,20.70,20.20
7771259300052,"MARKA DELIFRUTA MARACUYA 500G",21.20,20.70,20.20
7771259300298,"MARKA DELIFRUTA SANDIA 500GR",18.50,18.10,17.70
7771259300069,"MARKA DELIFRUTA TAMARINDO 500G",18.50,18.10,17.70
7771259300331,"MARKA INDUSTRIAL ACHACHAIRU 1KG",52.80,51.60,50.40
7771259300340,"MARKA INDUSTRIAL ASAI 1KG",42.30,41.30,40.30
7771259300287,"MARKA INDUSTRIAL COCO 1 KG",35.70,34.90,34.00
7771259300312,"MARKA INDUSTRIAL GUAYABA 1 KG",35.00,34.20,33.40
7771259300290,"MARKA INDUSTRIAL MANGO 1 KG",29.70,29.00,28.40
7771259300272,"MARKA INDUSTRIAL MARACUYA 1 KG",35.70,34.90,34.00
7771259300281,"MARKA PACK PROMOCION + VASO MUNDIAL",26.40,25.80,25.20
2200028,"MATAMBRE DE CERDO CONGELADO EN BANDEJA",78.60,76.80,75.00
7790070317483,"MATARAZO LASAGNA DE 250 GR",21.20,20.80,20.30
7790070318077,"MATARAZO MOSTACHOL 3 VEGETALES DE 500 GRS",17.80,17.10,16.40
7790070318671,"MATARAZO FETUCCINE 500 GRS",36.10,35.30,34.50
7790070317476,"MATARAZO LASAGNA DE 400 GRS",33.70,32.90,32.20
7790070320438,"MATARAZO SPAGUETTI 400G",12.70,12.40,12.10
7790070320445,"MATARAZO TALLARIN 400 G",9.30,9.30,9.30
7790070318060,"MATARAZO TIRABUZON 3 VEGETALES 500 GRS",36.10,35.30,34.50
7790070336293,"MATARAZO TIRABUZON ESPIRAL 500GR",11.40,11.20,10.90
7790070320766,"MATARAZO TIRABUZON NORMAL 500GR",17.78,0.00,0.00
7790070335944,"MATARAZZO RIGATE 3 VEGETALES 500GR",24.70,24.00,23.50
7790070335999,"MATARAZZO RIGATE SIN GLUTEN",26.40,25.80,25.20
7790070336002,"MATARAZZO SPAGUETI LIBRE DE GLUTEN",19.80,19.40,18.90
110027,"MAXY PAN BLANCO",17.20,0.00,0.00
110026,"MAXY PAN HOT DOGS",15.90,0.00,0.00
110028,"MAXY PAN INTEGRAL",17.20,0.00,0.00
7771260760661,"MAYONESA AHUMADA 200GR",14.80,14.50,14.20
7771214009389,"MAYONESA CON AJO KRIS 200GR",15.60,15.20,14.80
7771214001109,"MAYONESA KRIS 47 ML",2.30,2.30,2.30
7771214001413,"MAYONESA KRIS 485 ML",24.60,24.00,23.50
7771214002571,"MAYONESA KRIS 225ML",13.20,12.80,12.50
7771214001307,"MAYONESA KRIS 980 G",43.20,42.20,41.30
7771214000881,"MAYONESA KRIS GALON 3.600 ML",128.20,125.20,122.30
7771214000898,"MAYONESA KRIS POMO 360 ML",22.50,22.00,21.50
7771214007163,"MAYONESA LIGHT 200 ML",13.20,12.90,12.60
7771214002595,"MAYONESA LIGHT 500 ML",26.00,25.50,24.90
7771214005244,"MAYONESA PICANTE KRIS 50ML",2.30,2.20,2.10
7771214005251,"MAYONESA PICANTE KRIS 230ML",13.20,12.90,12.60
7771214004841,"MAYONESA PICANTE KRIS POMO 380 ML",26.40,25.80,25.30
7771214004063,"MAYONESA REAL 1000ML KRIS",30.00,0.00,0.00
052100004488,"MC CORMICK PAPRIKA 60GR",36.70,35.90,35.00
052100006260,"MCCORMICK AJO EN POLVO",28.40,27.80,27.20
2100464,"MEDALLON DE SURUBI",73.30,71.60,70.00
2200129,"MEDALLONES DE CERDO CONGELADO EN BANDEJA",67.80,65.30,62.70
2200373,"MEDALLONES DE CERDO EN BOLSA",72.70,68.86,0.00
2200022,"MEDALLONES DE PAVO CONGELADO EN BOLSA",106.80,104.40,101.90
11150,MEJILLONES,37.35,36.50,35.65
7774112102404,"MERMELADA DE GUAYABA 500.G",33.20,32.40,31.70
7774112102411,"MERMELADA DE DURAZNO 500GR",34.60,33.80,33.00
7774112102381,"MERMELADA DE FRUTILLA 500 G.",35.20,34.20,33.50
7774112102398,"MERMELADA DE MORA",34.20,33.30,32.50
7773435630045,"MEXICANO TORTILLA INTEGRAL 430GR",15.90,15.50,15.20
7773435630021,"MEXICANO TORTILLAS 430GR",15.20,14.90,14.50
7773435630038,"MEXICANO TORTILLAS PEQ 300GR",11.30,11.00,10.80
11012,"MICAN CACHORRO 1KG",25.00,0.00,0.00
11010,"MICAN DE LECHE CACHORRO CANINO 21KG",400.00,390.90,381.80
110005,"MICAN DE POLLO 21 KG",389.40,376.20,371.70
7774112100479,"MILANESA AMERICANA 2X125 GRS",18.50,18.10,17.70
7774112100219,"MILANESA AMERICANA DE POLLO EN CAJA",36.10,32.30,34.40
7774112100370,"MILANESA CASERA DE RES 500R CAJA",47.90,0.00,0.00
7774112102053,"MILANESA CORDON BLEU 2X150",21.90,21.40,20.90
7774112100097,"MILANESA DE POLLO CAJA",33.00,32.30,31.50
7774112101094,"MILANESA DE RES DE 2 UNID",24.10,23.50,22.90
7774112103357,"MILANESA EXPRES DE POLLO CAJA",32.90,32.20,31.40
7774112103340,"MILANESA EXPRES DE RES CAJA",47.70,46.60,45.50
1164,"MINI SALCHICHA DE POLLO AL VACIO (10 UNID)",18.10,17.70,17.30
1165,"MINI SALCHICHA DE POLLO AL VACIO (20 UNID)",28.70,28.00,27.40
1168,"MINI SALCHICHA DE RES AL VACIO (10 UNID)",19.70,19.30,18.80
1169,"MINI SALCHICHA DE RES AL VACIO (20 UNID)",34.20,33.50,32.60
1167,"MINI SALCHICHA FRANKFURT 10 CM AL VACIO (20 UNID)",32.10,31.40,30.60
1166,"MINI SALCHICHA FRANKFURT 10 CM AL VACIO (10 UNID)",19.00,18.30,17.90
7801220002828,"MINUTO VERDE ARANDANO 400GR",78.40,76.60,74.90
7801220311104,"MINUTO VERDE ARVEJAS 500GR",36.80,36.00,35.20
7801220431109,"MINUTO VERDE CHOCLO 500GR",36.80,36.00,35.20
7801220013312,"MINUTO VERDE ESPARRAGOS 350GR",72.60,71.00,69.30
7801220504193,"MINUTO VERDE FRAMBUESA 400GR",103.60,101.30,98.90
7801220100036,"MINUTO VERDE FRUTILLA 500GR",65.90,64.40,62.90
7801220001470,"MINUTO VERDE FRUTOS DEL BOSQUE 400GR",85.00,83.10,81.20
7801220005386,"MINUTO VERDE HAMBURGUESAS DE GARBANZO",34.50,44.50,43.50
7801220801247,"MINUTO VERDE PRIMAVERA DE VERDURAS 500GR",39.60,38.70,37.80
7801220004433,"MINUTO VERDE SMOOTHIE PINK PUNCH 500GR",76.60,74.60,72.90
7801220004457,"MINUTO VERDE SMOOTHIE YELOW",76.30,74.60,72.80
2200247,"MIXTURA DE MARISCOS",61.80,60.40,59.00
2200066,"MORCILLA A GRANEL",55.60,0.00,0.00
7774112101339,"MORCILLA AL VACIO DE 5 UNID",28.10,27.50,26.80
2200054,"MORTADELA BONISIMA C/ TOCINO EN BARRA",33.60,31.90,34.60
2200053,"MORTADELA BONISIMA EN BARRA",33.60,32.90,32.10
11268,"MORTADELA BONISSIMA EN BARRA DE 1 KG",49.50,48.40,47.30
11218,"MORTADELA BONISSIMA FETEADO DE 1 KG",27.90,26.80,25.70
1159,"MORTADELA BONISSIMA 500 GRS",19.40,19.00,18.60
2200047,"MORTADELA CERVECERA EN BARRA",46.20,45.20,44.10
2200051,"MORTADELA DE GALLINA EN BARRA DE 3.8 KG",47.40,46.30,45.20
2200052,"MORTADELA DE LYONESA EN BARRA DE 3.8 KG",43.20,42.20,41.20
2200050,"MORTADELA DE POLLO EN BARRA DE 3.8 KG",50.90,49.70,0.00
7774112102558,"MORTADELA DE POLLO VACIO DE 200 GRS",13.10,12.80,12.50
2200402,"MORTADELA ITALIANA EN BARRA",39.90,38.40,36.80
1161,"MORTADELA JAMONADA AL VACIO 200 GRS",16.80,16.40,16.00
2200295,"MORTADELA JAMONADA BONISIMA EN BARRA",39.90,39.00,38.00
2200049,"MORTADELA JAMONADA EN BARRA DE 3.8 KG",57.60,56.30,55.00
7774112100684,"MORTADELA JAMONADA EN BARRA DE 500 GRS",30.70,30.00,29.30
2200420,"MORTADELA LISA",42.20,41.30,40.30
2200404,"MORTADELA PICANTE EN BARRA",47.90,46.80,45.70
1162,"MORTADELA PRIMAVERA AL VACIO 200 GRS",13.50,13.20,12.90
2200048,"MORTADELA PRIMAVERA EN BARRA DE 3.8 KG",50.10,48.90,47.80
7774112101957,"MORTADELA PRIMAVERA EN BARRA DE 500 GR",26.70,26.10,25.50
7771214002588,"MOSTAZA KRIS DE 200 GR",12.60,12.30,12.00
7771214001390,"MOSTAZA KRIS SOBRE 47 ML",2.30,2.30,2.30
7771214003288,"MOSTAZA KRIS 490 G",25.10,24.50,23.90
7771214001321,"MOSTAZA KRIS DP 985.GR",38.70,37.80,37.00
7771214000805,"MOSTAZA KRIS POMO 400 G",21.10,20.60,20.10
7775021400025,"MOZZARELLA LAMINADO VAQUITA 500GR",50.20,49.10,47.90
7772919460017,"MOZZARELLA BOLITA VAQUITA",43.60,42.60,41.60
7772919460031,"MOZZARELLA LAMINADO VAQUITA 250GR",26.50,25.80,25.20
7774112100349,"MUSLO RELLENO EN CAJA",54.60,0.00,0.00
2200023,"MUSLOS DE PAVO CONGELADO EN BOLSA",78.30,76.50,74.70
2200450,"MUSLOS DE POLLO CONGELADO EN BANDEJA",30.60,0.00,0.00
2200017,"MUSLOS DE POLLO EN BANDEJA",34.00,33.30,32.50
7773420000068,"NACHOS DE MAIZ DE COLORES",11.90,11.60,11.30
7773420000051,"NACHOS DE MAIZ SABOR A QUESO TORTITACOS",14.60,0.00,0.00
7773420000204,"NACHOS DE MAIZ SABOR JALAPEÑO LIMON TORTITACOS",14.60,0.00,10.00
7773420000075,"NACHOS PICANTES DE MAIZ TORTITACOS",11.90,11.60,11.30
2200039,"NUDO AHUMADO DE CERDO AL VACIO",55.00,53.80,27.50
7774112102510,"NUGGETS DINO 1 KG EN BOLSA",75.40,73.70,72.00
7774112110119,"NUGGETS DE TRUCHA TK AV",52.80,0.00,0.00
7774112100417,"NUGGETS DINO 500 GR",39.30,38.40,37.60
7774112100189,"NUGGETS PATITAS 12 U EN BOLSA",26.10,25.50,24.90
7774112101902,"NUGGETS PATITAS DE 1 KG EN BOLSA",68.80,67.20,65.60
7774112102961,"NUGGETS SUPER PATITAS AVENA",26.30,25.70,25.10
7774112103821,"NUGUETS DINO EN BOLSA 12U",26.60,26.00,25.30
7774112103838,"NUGUETS DINO EN BOLSA 30U",62.60,61.20,59.80
7774112103845,"NUGUETS PATITAS EN BOLSA 30U",57.00,55.80,54.50
11277,"NUTRI MIEL DE ABEJA DE 1250GR",125.50,122.60,119.70
11278,"NUTRI MIEL DE ABEJA DE 1000 GR",99.00,96.80,94.50
7774112102251,"OREJA DE CERDO AHUMADO PARA CANINO",10.90,10.70,10.40
11148,"PACK BRIXI",32.00,30.00,29.70
11144,"PACK CHORI CHURRAQUERO SALSA",77.10,75.40,73.60
11145,"PACK CHORI DE RES SALSA",75.30,73.50,71.90
11146,"PACK CHORI PARRILLERO SALSA",75.30,73.50,71.90
11142,"PACK FRANKFURT SAN JUAN CON SALSA 14 CM",31.60,30.90,30.10
11135,"PACK FRANKFURT XL SAN JUAN CON SALSA",56.70,55.40,54.10
1100002,"PACK HADOQUERA DE 14CM CON SALSA",31.60,30.90,32.60
11006,"PACK HADOQUERA XL SAN JUAN CON SALSA",56.70,55.40,54.10
7771214004384,"PACK TRIO SAN JUANCHO",31.70,0.00,0.00
2200245,"PACUSITO ENTERO",91.10,89.00,87.00
2100466,"PACUSITO PACU BURGUERS",117.20,114.60,112.00
2200243,"PACUSITO PACU DESPINADO",126.90,124.00,121.10
2200241,"PACUSITO PACU NUGUETS",142.20,138.90,135.70
2200242,"PACUSITO PACU PARTIDO",100.40,98.10,95.80
2200013,"PALETA DE CERDO A GRANEL",32.50,32.00,30.50
7774112103456,"PALETA DE CERDO AHUMADO PARA CANINO",22.50,0.00,0.00
7774112101971,"PALMITO 800 GRS",32.50,31.80,31.00
7774112101988,"PALMITO DE 400 GRS",15.05,14.71,14.36
7774112103678,"PALMITO EN RODAJAS 800GR",28.40,27.80,27.10
7772622360062,"PAN MIX BRASUCO",31.70,31.00,30.30
7772622360024,"PAN CON AJO Y MOZZARELLA BRASUCO",31.70,31.00,30.30
7770000800704,"PAN MOLDE INTEGRAL KING",17.20,17.00,17.00
7770000800605,"PAN KING BLANCO",15.90,0.00,0.00
2200103,"PANCETA AGRANEL",83.70,0.00,65.50
2200115,"PANCETA PIANITO DE CERDO",63.10,62.10,60.10
7774112102008,"PAPA TRADICIONAL SOFIA 36X400 GR 9X9MM",27.00,26.40,25.80
7774112101742,"PAPA TRADICIONAL SOFIA 6X2.50 KG",117.20,0.00,0.00
7774112102978,"PAPAS GRINKLE DE 400 GRS",42.50,0.00,0.00
77140,"PAPAS AL HILO 80GR",11.30,0.00,0.00
7774112102800,"PAPAS CRINKLE 2 KG .",130.00,0.00,0.00
7771258840054,"PAPAS FRITAS AL HILO 140GR",19.20,0.00,0.00
7411000222478,"PAPRIKA MC CORMICK 53 GR",29.30,28.70,28.00
2200363,"PATAS DE CERDO",18.00,18.00,7.00
7774112101049,"PATE DE COSTILLA AHUMADA DE CERDO KOSTLICH",10.40,10.00,9.60
7774112100585,"PATE DE HIGADO DE CEDO PROMOCIONAL DE 240 GRS",13.10,12.80,12.50
7774112100578,"PATE DE HIGADO DE CERDO DE 100 GRS",8.50,8.30,8.10
7774112100554,"PATE DE HIGADO DE POLLO DE 100 GRS",8.50,8.30,8.10
7774112100561,"PATE DE HIGADO DE POLLO PROMOCIONAL DE 240 GRS",13.10,12.80,12.50
7774112102862,"PATE DE RES DE 100 GRS",9.50,9.30,9.10
7774112110096,"PATE DE TRUCHA AHUMADA",44.40,43.30,42.40
22003900080501,"PATO DON JOSE CONG",132.00,0.00,0.00
2200014,"PAVO NAVIDEÑO SOFIA",87.50,82.50,0.00
7774112102589,"PECHUGA AHUMADA DE PAVO AL VACIO",26.40,25.40,24.40
2100449002400,"PECHUGA CON PIEL DE POLLO CONGELADO",42.50,41.50,40.60
2200037,"PECHUGA DE PAVO AHUMADA",128.44,123.57,118.71
2200005,"PECHUGA DE POLLO A GRANEL",38.00,36.00,35.00
2200018,"PECHUGA DE POLLO EN BANDEJA",44.90,40.90,39.90
2200239,"PEJERREY ENTERO EN BANDEJA",133.30,128.30,123.20
11242,"PEPINILLO EN CONSERVA DE 330 GMS",26.40,25.80,25.20
7771257080659,"PEPINILLO EN RODAJAS",19.80,1.30,18.30
7774112102442,"PEPINILLOS EN CONSERVA 220 GMS",23.20,22.70,22.20
2200036,"PERNIL AHUMADO",160.60,156.90,150.90
2200089,"PIERNA CON CUERO DESHUESADA CONGELADA",48.80,47.70,46.60
2200012,"PIERNA DE CERDO A GRANEL .",34.00,33.50,32.50
2200233,"PIERNA INTERFOLIADO",45.00,0.00,0.00
2200452,"PIERNA MUSLO DE POLLO CONGELADO EN BANDEJA",36.60,0.00,0.00
2200006,"PIERNA Y MUSLO DE POLLO A GRANEL",40.00,38.00,37.00
2200020,"PIERNA Y MUSLO DE POLLO EN BANDEJA",39.60,34.60,33.80
2204220046208,"PIERNAS DE PATO EN BANDEJA",66.00,64.50,63.00
2200021,"PIERNAS DE PAVO CONGELADO EN BOLSA",70.50,68.90,67.30
2200451,"PIERNAS DE POLLO CONGELADO EN BANDEJA",29.30,28.60,28.00
2200019,"PIERNAS DE POLLO EN BANDEJA",36.10,35.60,34.10
052100029924,"PIMIENTA NEGRA MOLIDA MC CORMICK 42GR LATA",24.40,23.80,23.30
7411000222560,"PIMIENTA NEGRA MOLIDA MC CORMICK 57GRS",30.80,30.10,29.40
7774112102077,"PODIUM ALIMENTO FELINO ADULTO 900 GRS",46.20,45.20,44.10
7774112102084,"PODIUM ALIMENTO FELINO CASTRADO 900 GRS",46.20,45.20,44.10
7774112102060,"PODIUM ALIMENTO FELINO GATITO 450 GRS",26.60,26.00,25.40
11122,"PODIUM ADULTO RAZ. MED GRANDE CANI 8 KG",175.80,0.00,0.00
110010,"PODIUM ADULTO RAZA MEDIANA GRANDE 1KG",30.00,30.00,0.00
7774112100790,"PODIUM ADULTO RAZA MEDIANA GRANDE 2,8 KG",92.70,90.50,88.40
11117,"PODIUM ADULTO RAZA MEDIANA GRANDE 23KG",530.70,518.60,506.60
110021,"PODIUM ADULTO RAZA MEDIANA GRANDE 8KG",185.50,181.30,177.10
110011,"PODIUM ADULTO RAZA PEQUEÑA 1KG",30.00,30.00,0.00
11119,"PODIUM ADULTO RAZA PEQUEÑA 23 KG",530.70,518.60,506.50
110020,"PODIUM ADULTO RAZA PEQUEÑA 8KG",185.50,181.30,177.00
7774112100769,"PODIUM ADULTO RAZA PEQUEÑA CANINO 1.4 KG",52.80,51.60,50.40
7774112100783,"PODIUM ADULTO RAZA PEQUEÑA CANINO 2.8 KG",100.40,98.10,95.80
11125,"PODIUM ADULTO RAZA PEQUEÑO CANINO 8K",177.20,0.00,0.00
7774112102091,"PODIUM ALIMENTO FELINO ADULTO 2.800 KG",121.50,108.70,115.90
11124,"PODIUM CACHORRO RAZA MEDIANO GRANDE CANI 8KG",193.50,0.00,0.00
7774112100721,"PODIUM CACHORRO RAZA PEQUEÑA CANINO 2.8 KG",109.60,107.10,104.60
7774112100714,"PODIUM CACHORRO RAZA MEDIANA GRANDE 1,4 KG",53.60,52.40,51.20
77144,"PODIUM CACHORRO RAZA MEDIANA GRANDE 23KG",550.00,5375.00,525.00
110019,"PODIUM CACHORRO RAZA MEDIANA GRANDE 8KG",202.00,197.40,192.80
7774112100738,"PODIUM CACHORRO RAZA MEDIANO 2,8 KG",100.80,98.50,99.00
110016,"PODIUM CACHORRO RAZA PEQUEÑA 1KG",30.00,0.00,0.00
11118,"PODIUM CACHORRO RAZA PEQUEÑA 23KG",550.00,537.50,525.00
110018,"PODIUM CACHORRO RAZA PEQUEÑA 8KG",202.00,197.40,192.80
7774112100707,"PODIUM CACHORRO RAZA PEQUEÑA CANINO 1,4 KG",53.60,52.40,51.20
11123,"PODIUM CACHORRO RAZA PEQUEÑO CANINO 8 KG",195.00,0.00,0.00
77126,"PODIUM FELINO CASTRADO 10KG",440.90,430.90,420.90
110017,"PODIUM FELINO GATITO 1KG",35.00,0.00,0.00
77129,"PODIUM MICAN ADULTO DE RES CANINO 21KG",389.40,376.20,371.70
7774112102183,"PODIUM MICAN ADULTO RES 2.8KG",74.30,72.60,71.00
7774112102169,"PODIUM MICAN CACHORRO 2.800KG",79.50,77.70,75.90
7774112102176,"PODIUM MICAN POLLO CANINO 2.8KG",74.30,72.60,71.00
11192,"POLERAS SBP",35.00,101.60,97.60
2200215,"POLLERITA DE RES AL VACIO DE 1 KG",106.40,104.00,101.50
2200001,"POLLO FRIAL",26.50,26.00,25.50
2200217,"POLLO LIMPIO",29.10,28.60,28.10
7774112100363,"POLLO RELLENO CON ARROZ A LA VALENCIANA EN CAJA",105.00,102.60,100.20
7774112100165,"POLLO RELLENO EN CAJA",112.10,0.00,0.00
7774112103616,"POLLO RELLENO GRANDE",133.30,130.20,127.20
2200386,"PORK BELLY DE CERDO CONGELADO EN BANDEJA",96.50,94.30,94.30
2200301,"PORK BELLY AGRANEL",70.50,70.50,70.50
7770000800964,"PRE PIZZA KING 350GR",14.50,14.50,11.00
7770000800957,"PRE PIZZA KING 450GR",16.00,16.00,16.00
11106,"PREPIZZA EXTRA",9.10,8.54,8.26
11105,"PREPIZZA GRANDE",13.00,12.50,12.10
2200249,"PULPO ENTERO",240.30,234.80,229.40
2200003,"PULPO PICADO",51.70,50.60,49.40
2200030,"PUNTA DE MATAMBRE DE CERDO CONGELADO EN BANDEJA",65.00,63.50,62.10
2200114,"PUNTA DE S DE CERDO CONGELADO EN BANDEJA",56.80,54.60,54.18
2200210,"PUNTA DE S DE RES AL VACIO DE 1 KG",194.30,189.80,185.40
2200181,"PUNTA DE S PREMIUM RES",112.20,108.00,103.70
2200178,"QUESO CHAQUEÑO",66.70,65.20,63.70
11155,"QUESO CRIOLLO AL VACIO 200 GRS",17.70,0.00,0.00
2100340,"QUESO DE CERDO AL VACIO DE 250 GRS",21.50,21.00,20.50
2100443,"QUESO DE CERDO BONISSIMA EN BARRA",45.70,44.70,43.60
2200185,"QUESO DE CERDO CRIOLLO EN BARRA",64.90,63.40,61.90
2200032,"QUESO DE CERDO EN BARRA",70.10,68.50,66.90
2100440,"QUESO MOZARELLA HOLANDESA EN BARRA",105.00,102.60,100.20
2100091,"QUESO SANDWICHERO A GRANEL",91.10,89.00,86.90
2100400,"QUINCHO TAMBAQUI ENTERO",88.00,0.00,0.00
77127,"RECIPIENTE 2KG ALIMENTO FELINO ADULTO",69.96,68.37,66.78
77976,"RECIPIENTE ALIMENTO FELINO ADULTO 1 KG",39.60,33.60,32.80
77977,"RECIPIENTE ALIMENTO FELINO GATITO 1KG",39.60,38.70,37.80
77112,"RECIPIENTE MICAN ADULTO POLLO 1KG",19.80,0.00,0.00
77121,"RECIPIENTE PODIUM CACHORRO RAZA MEDIAMA GR",23.76,23.22,22.68
2200413,"RIB FINGER DE RES INTERCOSTAL",108.08,106.40,103.80
7774112100431,"SACHET HAMB 113 RES GRILL SOFIA 36X2X113 GRS",23.10,22.60,22.10
7774112100967,"SACHET HAMB 50 RES GUESA SOFIA 2X50",8.70,8.50,8.30
7774112100288,"SACHET HAMB 56 POLLO EXPRESS SOFIA 3X56 GRS",10.10,9.90,9.70
7774112103722,"SACHET HAMB 83 CHORIBURGUER SOFIA 2/83",11.00,10.80,10.50
7774112100301,"SACHET HAMB 83 POLLO CLASICA SOFIA 36X2X83 GRS",12.20,0.00,0.00
7774112101100,"SACHET HAMB 83 RES PICAÑA",12.60,12.30,12.00
7774112102299,"SACHET HAMB RES SOFIA PREMIUM 1X150 GR",11.60,11.20,10.70
7774112103487,"SACHET HAMB. 56 RES EXPRES SOFIA 3X56GR",11.70,11.40,11.20
7774112100271,"SACHET HAMB. 83 RES CLASICA SOFIA 36X2X83 GRS",12.10,11.80,11.60
7411000222645,"SAL CON AJO MC CORMICK 135 GR",18.70,18.00,17.30
7411000222669,"SAL CON CEBOLLA MC CORMICK 122 GR",18.70,18.00,17.30
7411000202791,"SAL MARINA C/PIMIENTA MCCORMICK 110GR",70.40,68.80,67.20
7411000201893,"SAL MARINA MAC CORMICK 110GR",70.40,68.80,67.20
7774112103234,"SALAME MILAN FETEADO DE 100 R",15.20,14.80,14.50
7774112101773,"SALAME A LA PIMIENTA KOSTLICH",17.90,17.30,16.60
2200043,"SALAME EN BARRA AL VACIO DE 300 GRS",133.00,129.80,0.00
2200041,"SALAME EN BARRA DE 500 GRS",109.60,107.10,104.60
7774112102602,"SALAME FETEADO AL VACIO DE 100 GRS .",18.30,17.80,17.40
2100116,"SALCHICHA AHUMADA BONISIMA",29.70,28.60,27.50
2200397,"SALCHICHA BONISIMA TIPO BRASILERA",33.00,32.20,31.40
11292,"SALCHICHA HADOQUERA AHUMADA AL VACIO 10 UND",14.20,13.90,13.60
11291,"SALCHICHA HADOQUERA AHUMADA AL VACIO 20 UND",27.80,27.10,26.50
2200425,"SALCHICHA TIPO BERLINESA",39.50,38.50,37.60
2200092,"SALCHICHA BONISSA CONGELADA AL VACIO",44.10,43.10,42.10
2200093,"SALCHICHA BONISSIMA CARAMELO AL VACIO",23.60,23.02,22.49
7774112102527,"SALCHICHA COCKTELERA 250 GRS",17.30,16.90,16.50
1173,"SALCHICHA DE RES DE 14CM VACIO (10 UNID)",28.30,27.60,27.00
7774112102534,"SALCHICHA DE RES EXTRA LARGA VACIO 12 UNID",45.00,54.30,30.00
1170,"SALCHICHA FRANKFURT 14CM VACIO (10 UNID)",29.60,29.00,28.30
7774112102541,"SALCHICHA FRANKFURT EXTRA LARGA VACIO (12 UNID)",56.90,54.50,53.20
110024,"SALCHICHA HADOQUERA EXTRA LARGA 12U",45.00,54.30,42.00
2200076,"SALCHICHA RES DE 14 CM A GRANEL",60.00,0.00,0.00
2100341,"SALCHICHA ROJA COCTELERA A GRANEL",51.20,50.10,48.90
2100456,"SALCHICHA TIPO BRASILERA ROJA",27.85,27.21,26.58
2200077,"SALCHICHA VIENA A GRANEL",56.20,54.90,53.60
2200078,"SALCHICHA VIENA A GRANEL DE PELAR",50.40,49.20,48.10
1172,"SALCHICHA VIENA AL VACIO 350 G",23.30,22.70,22.20
2200410,"SALCHICHA VIENA ROJA A GRANEL",52.70,51.50,50.30
2100034,"SALMON PORCIONADO SOUTH WIND",448.80,438.10,428.40
078895720051,"SALSA AGRIDULCE 240 LEE KUM KEE",77.70,75.90,74.20
7771257080529,"SALSA BARBACOA BRIXY 300",17.80,17.40,17.00
7771214003660,"SALSA BARBACOA POMO KRIS 430 G",23.93,23.38,22.84
7771214002359,"SALSA GOLF KRIS DE 50 GRM",3.20,3.20,3.20
078895128895,"SALSA SOYA OSCURA SABOR CHAMPIÑON LEE KUM KEE 500 ML",59.30,57.90,56.50
078895128833,"SALSA SOYA DISPENSADOR DE MESA 150 ML LEE KUM KEE",27.65,27.10,26.40
7771257080369,"SALSA TAQUERA BRIXY 360GR",27.00,26.50,25.90
7790127780017,"SALSA BARBACOA VANOLI 390 G",11.70,11.20,10.80
110025,"SALSA BRIXY 200GR",9.00,0.00,0.00
7771257080482,"SALSA CESAR BRIXY 250 ML",19.10,18.70,18.30
7411000202302,"SALSA CILANTRO Y LIMON MC CORMICK 148 ML",40.70,39.80,38.90
078895300024,"SALSA CON SABOR A OSTION M. PANDA .",96.20,93.90,91.80
7411000227121,"SALSA DE AJO MC CORMICK DE 148 ML",41.80,40.90,39.90
7411000202296,"SALSA DE AJO Y CEBOLLA MC CORMICK 148 ML",15.40,14.80,14.20
078895131024,"SALSA DULCE TAILANDESA DULCE DE CHILE 510 GRS LEE KUM KEE+ PICANTE",95.10,93.00,90.80
078895120509,"SALSA ESTILO TERIYAKI 250ML LEE KUM KEE",74.60,72.90,71.20
7771214003646,"SALSA GOLF KRIS POMO 380 ML",24.60,24.00,23.50
7771260760630,"SALSA GOLF AHUMADA 200GR",14.80,14.50,14.10
7794000960329,"SALSA GOLF DE 250G",7.90,7.60,7.32
7771214006173,"SALSA GOLF KRIS 200GR",13.20,12.90,12.60
078895700022,"SALSA HOISIN 397GR",34.00,32.70,0.00
7411000225059,"SALSA INGLESA MC CORMIKC 148 ML",28.70,28.00,27.40
7771257080536,"SALSA MOSTAZA Y MIEL 280 GRS",18.50,17.80,17.00
7771214006371,"SALSA PARA CHURRASCO KRIOLLA 90GR",7.00,6.70,6.60
7771257080512,"SALSA PICANTE BRIXI",11.30,11.00,10.70
7771214003677,"SALSA PICANTE KRIS POMO 400GR",15.84,15.24,14.64
7771257080567,"SALSA PICANTE LOUISIANA BRIXY",14.00,12.90,12.60
7411000227084,"SALSA PICANTE TABASCO MC CORMICK 148 ML",42.90,41.90,41.00
7771257080628,"SALSA PIZZA BRIXY 390 GRS .",27.10,26.50,25.90
7771257081229,"SALSA PIZZA BRIXY 200GR",8.00,0.00,0.00
7771257080499,"SALSA RANCH 250ML",19.10,18.70,18.30
7411000222904,"SALSA SAZONADOR COMPLETO MC CORMICK 148 ML",28.60,28.00,27.30
078895126396,"SALSA SOYA CALIDAD SUPERIOR 500 ML LEE KUM KEE",59.30,57.90,56.50
078895126389,"SALSA SOYA OBSCURA CALIDAD SUPERIOR 500 ML LEE KUM KEE",59.30,57.90,56.50
078895300048,"SALSA SOYA PANDA LATA 2.270",184.80,180.60,176.40
078895423037,"SALSA SOYA SAZONADA PARA MARISCOS 420 ML LEE KUM KEE",93.50,91.30,89.20
7771257080574,"SALSA TARTARA",19.80,19.40,18.90
7411000227152,"SALSA TERIYAKI MC CORMICK 148 ML",30.80,30.10,29.40
7774112101162,"SANDWICH DE CHOLA",24.70,24.20,23.60
7411000222898,"SAZONADOR COMPLETO MC CORMIKC 85.GR",45.10,44.10,43.10
7774112100905,"SILPANCHO DE POLLO",51.00,0.00,0.00
7774112100356,"SILPANCHO DE RES EN CAJA",64.70,0.00,0.00
7774112100516,"SOFIPOCAS DE POLLO 300GRS",24.90,24.30,0.00
7774112103647,"SOFIPOCAS DE POLLO 500GR",40.70,39.80,38.90
734191280612,"SOPA ANDINA - TRUCHA CON QUINUA DE 430",34.90,34.10,33.30
781159309298,"SOPA DE TRUCHA TK 430 GRS",34.90,34.10,33.30
7771214000935,"SOPA CARNE CON CARACOLITOS KRIS",8.00,8.00,8.00
7794000004306,"SOPA CREMA DE VERDURAS 60 G",6.50,2.30,6.00
7771214000911,"SOPA DE POLLO CON ARROZ KRIS",10.20,10.20,10.20
7771214000928,"SOPA DE POLLO CON FIDEOS KRIS",7.00,7.00,7.00
05224513,"STEAK SEASONING GRILL MC CORMICK MATES MONTREAL 96 GR",27.50,26.90,26.50
110033,"SULTANA CUEVAS ORGANICO 100GR",26.50,25.80,25.20
11005,"TAPA MEDIANA DOBLE",25.10,25.10,25.10
11250,"TAPAS DE EMPANADA GRANDE",37.00,36.20,35.30
11249,"TAPAS DE EMPANADA MEDIANA .",16.50,16.20,15.80
7774112100691,"TENDERS DE POLLO 500GR",46.20,45.20,44.10
7774112103630,"TENDERS DE POLLO DE 1KG .",80.00,78.10,76.30
2200029,"TIRA CERDO CONGELADO EN BANDEJA",49.80,48.70,47.60
2200362,"TIRA COSTILLA DE CERDO BANDEJA",57.50,56.20,54.90
2200264,"TIRA ESPECIAL PREMUIN",110.30,107.80,105.30
7774112102664,"TIRAS DE FILETES GRILLADOS DE POLLO",21.30,20.80,20.30
2200131,"TOCINETA AL VACIO DE 1K",119.60,116.87,114.20
2100453,"TOCINETA AGRANEL",95.30,93.10,90.90
11132,"TOCINETA DE CERDO AL VACIO 150GRS",15.90,15.60,15.20
77117,"TOCINETA DE CERDO AL VACIO DE 500GR",101.70,99.40,97.10
11253,"TOCINO DE CERDO AHUMADO AL VACIO DE 500 GRS",33.60,64.00,62.00
2200040,"TOCINO AHUMADO DE CERDO AL VACIO 1 KG",119.90,117.20,114.50
2200035,"TOCINO DE CERDO AHUMADO A GRANEL",111.70,109.20,106.60
1184,"TOCINO DE CERDO AHUMADO AL VACIO 150 GRS",17.50,17.10,16.70
2200411,"TOMAHAWAK DE CERDO CONGELADO AL VACIO",57.80,56.50,0.00
2200395,"TOMAHAWK CONGELADO DE RES",112.20,109.70,107.20
7773420000044,"TRADICIONAL NACHOS DE MAIZ TORTITACOS",14.60,0.00,0.00
77141,"TRIOS BRIXY",28.00,0.00,26.50
7774112100639,"TUBO HAMB 113 PAVO YO CHEF SOFIA 8X6X113 GRS",53.50,51.40,49.40
7774112100622,"TUBO HAMB 113 RES GRILL SOFIA 4X12X113 GRS",132.40,129.40,126.30
7774112102886,"TUBO HAMB 20U 56 RES EXPRESS .",72.00,70.30,68.70
110036,"TUBO HAMB 20U 56 GRILL",96.00,93.80,91.00
7774112103753,"TUBO HAMB 20U 56 POLLO EXPRES SOFIA",63.00,61.60,60.10
77109,"TUBO HAMB 50 RES GUESA SOFIA 24X50 .",69.30,67.80,66.20
7774112101070,"TUBO HAMB 56 POLLO EXPRESS SOFIA 12X56",36.70,35.90,35.10
7774112100332,"TUBO HAMB 56 RES EXPRESS SOFIA 12X56 GRS",44.10,43.10,42.10
7774112103739,"TUBO HAMB 83 CHORIBURGUER SOFIA",61.40,60.00,58.60
7774112101056,"TUBO HAMB 83 DE RES CLASICA 12X83",68.50,67.00,65.40
7774112101063,"TUBO HAMB 83 POLLO CLASICA 12X83",61.40,60.00,58.60
7774112101117,"TUBO HAMB 83 RES PICAÑA 12X12X 83 GRS",72.40,70.70,69.10
7774112100325,"TUBO HAMB. 83 RES SELECTA SOFIA 12X83 GRS",91.80,89.60,0.00
7774112101926,"TUBO MILANESA AMERICANA 12X125GRS",105.20,102.80,100.40
7774112101964,"TUBO MINI SILPANCHO DE POLLO",64.00,62.60,61.10
110001,"VALES DE COMPRA DE AREA FRESCA",50.00,0.00,0.00
11109,"VALES DE CONSUMO AREA FRESCA SOFIA",250.00,200.00,100.00
77108,"VALES DE POLLO EMBOL S.A.",3420.00,0.00,0.00
7772115680059,"VINO TINTO CHOLERO CASA VIEJA DOÑA VITA",32.60,32.00,31.30
7772115680042,"VINO BLANCO ASPERO",29.30,27.51,26.43
7772115680073,"VINO BLANCO CHOLERO CASA VIEJA DOÑA VITA",32.60,32.00,31.30
7772115680035,"VINO BLANCO MELLICERO",19.75,27.51,26.43
7772115680134,"VINO CASA VIEJA CABERNET TINTO",59.40,57.20,54.90
7772115680141,"VINO CASA VIEJA CHARDONNAY BLANCO",72.60,71.00,69.30
7772115680127,"VINO CASA VIEJA TANNAT TINTO",191.40,187.00,182.70
11009,"VINO ESTHER MARISOL",46.20,45.20,44.10
7772115680103,"VINO OPORTO BLANCO CASA VIEJA DOÑA VITA",32.60,32.00,31.30
7772115680097,"VINO OPORTO ROSADO CASA VIEJA DOÑA VITA",32.60,32.00,31.30
7772115680080,"VINO OPORTO TINTO CASA VIEJA DOÑA VITA",32.60,32.00,31.30
7772115680066,"VINO ROSADO CHOLERO CASA VIEJA DOÑA VITA",32.60,32.00,31.30
7772115680011,"VINO TINTO ASPERO",29.30,27.51,26.43
7772115680028,"VINO TINTO MELLICERO",28.60,28.00,27.30
